<?xml version="1.0" encoding="UTF-8" standalone="no"?>
<ds:datastoreItem ds:itemID="{0A3743C1-CEDE-448B-9F46-55292CC8ECAB}" xmlns:ds="http://schemas.openxmlformats.org/officeDocument/2006/customXml"><ds:schemaRefs><ds:schemaRef ds:uri="http://schemas.microsoft.com/office/2006/metadata/contentType"/><ds:schemaRef ds:uri="http://schemas.microsoft.com/office/2006/metadata/properties/metaAttributes"/><ds:schemaRef ds:uri="http://www.w3.org/2001/XMLSchema"/><ds:schemaRef ds:uri="http://schemas.microsoft.com/office/2006/metadata/properties"/><ds:schemaRef ds:uri="6c50cf11-49a2-413a-bcdd-30d69fd293b2"/><ds:schemaRef ds:uri="18ade56e-157a-4286-a90d-593f380babb6"/><ds:schemaRef ds:uri="http://schemas.microsoft.com/office/2006/documentManagement/types"/><ds:schemaRef ds:uri="http://schemas.microsoft.com/office/infopath/2007/PartnerControls"/><ds:schemaRef ds:uri="http://schemas.openxmlformats.org/package/2006/metadata/core-properties"/><ds:schemaRef ds:uri="http://purl.org/dc/elements/1.1/"/><ds:schemaRef ds:uri="http://purl.org/dc/terms/"/><ds:schemaRef ds:uri="http://schemas.microsoft.com/internal/obd"/></ds:schemaRefs></ds:datastoreItem>